rank,name,player_id,career_games,total,observed_games,eligible_games,mean,coverage
1,Scott Pendlebury,legacy:pendlebury_scott_07011988,442,5616.0,442,442,12.705882352941176,1.0
2,Lachie Neale,legacy:neale_lachie_24051993,321,4883.0,321,321,15.21183800623053,1.0
3,Travis Boak,legacy:boak_travis_01081988,387,4563.0,387,387,11.790697674418604,1.0
4,Joel Selwood,legacy:selwood_joel_26051988,355,4399.0,355,355,12.391549295774649,1.0
5,Josh Kennedy,legacy:kennedy_josh_20061988,290,4203.0,288,290,14.59375,0.993103448275862
6,Gary Ablett,legacy:ablett_gary_14051984,357,4200.0,357,357,11.764705882352942,1.0
7,Sam Mitchell,legacy:mitchell_sam_12101982,329,4155.0,329,329,12.629179331306991,1.0
8,Jack Macrae,legacy:macrae_jack_03081994,282,4134.0,282,282,14.659574468085106,1.0
9,Scott West,legacy:west_scott_14111974,324,4093.0,322,324,12.711180124223603,0.9938271604938271
10,Ollie Wines,legacy:wines_ollie_07101994,292,4092.0,292,292,14.013698630136986,1.0
11,Patrick Cripps,legacy:cripps_patrick_18031995,255,4051.0,255,255,15.886274509803922,1.0
12,Robert Harvey,legacy:harvey_robert_21081971,383,4008.0,383,383,10.464751958224543,1.0
13,Rory Laird,legacy:laird_rory_29121993,289,3983.0,289,289,13.782006920415226,1.0
14,Patrick Dangerfield,legacy:dangerfield_patrick_05041990,379,3965.0,379,379,10.461741424802112,1.0
15,Luke Parker,legacy:parker_luke_25101992,338,3941.0,338,338,11.659763313609467,1.0
16,Adam Treloar,legacy:treloar_adam_09031993,263,3916.0,263,263,14.889733840304183,1.0
17,Clayton Oliver,legacy:oliver_clayton_22071997,228,3863.0,228,228,16.94298245614035,1.0
18,David Mundy,legacy:mundy_david_20071985,376,3851.0,376,376,10.242021276595745,1.0
19,Matt Priddis,legacy:priddis_matt_21031985,240,3815.0,240,240,15.895833333333334,1.0
20,Simon Black,legacy:black_simon_03041979,322,3781.0,322,322,11.74223602484472,1.0
