rank,name,player_id,total,counter_max,career_games,first_season,last_season
1,Scott Pendlebury,legacy:pendlebury_scott_07011988,442,442,442,2006,2026
2,Brent Harvey,legacy:harvey_brent_14051978,432,432,432,1996,2016
3,Michael Tuck,legacy:tuck_michael_24061953,426,426,426,1972,1991
4,Shaun Burgoyne,legacy:burgoyne_shaun_21101982,407,407,407,2002,2021
5,Kevin Bartlett,legacy:bartlett_kevin_06031947,403,403,403,1965,1983
6,Dustin Fletcher,legacy:fletcher_dustin_07051975,400,400,400,1993,2015
7,Travis Boak,legacy:boak_travis_01081988,387,387,387,2007,2025
8,Robert Harvey,legacy:harvey_robert_21081971,383,383,383,1988,2008
9,Patrick Dangerfield,legacy:dangerfield_patrick_05041990,379,379,379,2008,2026
10,Simon Madden,legacy:madden_simon_30121957,378,378,378,1974,1992
11,David Mundy,legacy:mundy_david_20071985,376,376,376,2005,2022
12,Craig Bradley,legacy:bradley_craig_23101963,375,375,375,1986,2002
12,Steele Sidebottom,legacy:sidebottom_steele_02011991,375,375,375,2009,2026
14,Adam Goodes,legacy:goodes_adam_08011980,372,372,372,1999,2015
15,Bernie Quinlan,legacy:quinlan_bernie_21071951,366,366,366,1969,1986
16,Brad Johnson,legacy:johnson_brad_18071976,364,364,364,1994,2010
17,John Blakey,legacy:blakey_john_24071966,359,359,359,1985,2002
17,Tom Hawkins,legacy:hawkins_tom_21071988,359,359,359,2007,2024
19,Gary Ablett,legacy:ablett_gary_14051984,357,357,357,2002,2020
20,Bruce Doull,legacy:doull_bruce_11091950,356,356,356,1969,1986
